順位,登録番号,選手名,級別,モーター番号,モーター2連対率,場コード,場名,開催日
1,5376,吉田　　一心,B1,27,56.4,01,桐生,20260617
2,3893,汐崎　　正則,B1,59,43.1,01,桐生,20260617
3,4901,出口　舞有子,B2,53,40.0,01,桐生,20260617
4,4549,小林　　文彦,B1,41,38.3,01,桐生,20260617
5,3973,崎　　　利仁,B1,46,38.2,01,桐生,20260617
6,4593,小坂　　宗司,A2,34,36.5,01,桐生,20260617
7,3643,米田　　隆弘,B1,49,36.3,01,桐生,20260617
8,3581,加木　　　郁,B1,28,36.0,01,桐生,20260617
9,3161,古場　　輝義,B1,21,35.8,01,桐生,20260617
10,4644,山田　　亮太,A2,31,35.6,01,桐生,20260617
11,4099,吉永　　則雄,A1,24,35.4,01,桐生,20260617
11,5089,前田　　　翔,A1,62,35.4,01,桐生,20260617
13,4973,栗原　　直也,A2,48,35.1,01,桐生,20260617
14,4953,尾上　　雅也,A1,33,34.8,01,桐生,20260617
15,3868,尾形　　栄治,B1,64,34.4,01,桐生,20260617
16,4690,高石　　梨菜,B2,40,34.3,01,桐生,20260617
17,4049,荒川　　健太,A2,72,33.6,01,桐生,20260617
18,3467,森　　　弘行,B1,50,33.3,01,桐生,20260617
18,3528,笠野　友紀恵,B1,36,33.3,01,桐生,20260617
20,3834,細川　　明人,B1,26,32.7,01,桐生,20260617
21,5228,若林　　樹蘭,B2,17,32.3,01,桐生,20260617
22,4808,松尾　　　拓,A1,47,30.3,01,桐生,20260617
23,5230,石原　　凪紗,B2,75,29.7,01,桐生,20260617
24,4020,川上　　清人,B1,51,28.8,01,桐生,20260617
24,4363,大野　　芳顕,A2,71,28.8,01,桐生,20260617
26,4568,廣瀬　　真也,A2,13,28.2,01,桐生,20260617
27,4017,向井　　美鈴,A2,22,28.0,01,桐生,20260617
28,3554,仲口　　博崇,A1,11,27.6,01,桐生,20260617
29,5000,岡本　翔太郎,B1,67,26.4,01,桐生,20260617
30,4931,木谷　　賢太,A1,29,26.1,01,桐生,20260617
31,3519,冨田　　秀幸,B1,23,25.9,01,桐生,20260617
32,3441,土屋　　太朗,B1,19,25.8,01,桐生,20260617
33,5163,清水　　愛海,A1,42,25.0,01,桐生,20260617
34,3349,吉田　　一郎,A2,25,24.7,01,桐生,20260617
35,5067,山田　　真聖,B1,55,23.4,01,桐生,20260617
36,4414,大澤　　真菜,B1,39,22.5,01,桐生,20260617
37,5011,高木　　圭大,B1,58,22.4,01,桐生,20260617
38,4898,菊地　　敬介,B1,54,21.9,01,桐生,20260617
39,3655,本橋　　克洋,A2,16,21.7,01,桐生,20260617
40,4053,芦澤　　　望,A2,18,20.6,01,桐生,20260617
41,5034,若林　　義人,A1,52,19.7,01,桐生,20260617
42,4513,河野　　真也,A2,68,18.0,01,桐生,20260617
43,3981,今坂　　晃広,B1,66,15.8,01,桐生,20260617
44,5066,鈴木　　孝明,A2,63,15.1,01,桐生,20260617
45,3579,中里　　優子,B1,61,13.2,01,桐生,20260617
1,5117,冨名腰　桃奈,B1,4,47.6,02,戸田,20260618
2,4479,矢野　真梨菜,B1,11,43.6,02,戸田,20260618
3,3302,谷川　　里江,B1,2,43.2,02,戸田,20260618
4,4963,實森　　美祐,A1,15,43.1,02,戸田,20260618
5,4714,喜多須　杏奈,B1,9,42.1,02,戸田,20260618
6,5174,川井　　　萌,B2,24,40.9,02,戸田,20260618
7,4045,佐々木　裕美,B1,29,39.5,02,戸田,20260618
7,4300,加藤　　　綾,B1,55,39.5,02,戸田,20260618
9,4385,鈴木　祐美子,B1,37,39.3,02,戸田,20260618
10,4746,大豆生田　蒼,A2,16,39.2,02,戸田,20260618
10,4984,森下　　愛梨,A2,6,39.2,02,戸田,20260618
12,4694,高田　　　綾,B1,26,39.0,02,戸田,20260618
13,4900,中田　　夕貴,A2,12,38.9,02,戸田,20260618
13,5306,河内　悠利杏,B1,50,38.9,02,戸田,20260618
15,4117,廣中　智紗衣,A1,63,38.8,02,戸田,20260618
16,5322,根岸　　真優,B2,49,38.3,02,戸田,20260618
17,4974,安井　　瑞紀,A1,5,37.3,02,戸田,20260618
18,5108,柴田　　愛梨,B2,10,37.1,02,戸田,20260618
19,4825,倉持　　莉々,A1,61,36.8,02,戸田,20260618
19,5283,植木　　美帆,B1,53,36.8,02,戸田,20260618
21,4642,松尾　　夏海,A1,64,35.9,02,戸田,20260618
22,5287,滝沢　　織寧,B1,58,35.8,02,戸田,20260618
23,5072,吉田　　杏美,B2,54,35.7,02,戸田,20260618
24,3435,寺田　　千恵,A1,38,35.6,02,戸田,20260618
25,5324,畑田　　希咲,B2,13,35.3,02,戸田,20260618
26,5146,野田　　彩加,B1,43,34.7,02,戸田,20260618
27,5079,大石　　真央,B1,25,34.6,02,戸田,20260618
28,5264,登　　みひ果,B1,14,34.2,02,戸田,20260618
29,5373,諏訪　　玲奈,B2,42,34.0,02,戸田,20260618
30,4738,清埜　　翔子,A2,41,33.5,02,戸田,20260618
30,5342,原村　　百那,B2,57,33.5,02,戸田,20260618
32,4546,浜田　亜理沙,A1,40,33.3,02,戸田,20260618
32,4791,黒澤　めぐみ,A2,31,33.3,02,戸田,20260618
34,4987,島倉　　　都,B1,51,32.3,02,戸田,20260618
35,5155,内山　　七海,B1,17,32.2,02,戸田,20260618
36,4317,木村　紗友希,B1,27,32.1,02,戸田,20260618
37,5013,山下　　夏鈴,B1,8,32.0,02,戸田,20260618
38,5003,来田　　衣織,B1,62,31.7,02,戸田,20260618
39,4387,平山　　智加,A1,36,31.6,02,戸田,20260618
40,5231,寺田　　空詩,A2,18,31.4,02,戸田,20260618
41,4998,中村　かなえ,B2,21,31.0,02,戸田,20260618
42,5045,平川　　香織,A2,23,30.9,02,戸田,20260618
42,5297,南　　　彩寧,B1,1,30.9,02,戸田,20260618
44,4548,篠木　亜衣花,B2,7,30.6,02,戸田,20260618
45,4501,樋口　由加里,A2,3,30.5,02,戸田,20260618
45,5213,湯淺　　紀香,A2,20,30.5,02,戸田,20260618
1,5333,山下　　智己,B1,68,60.0,03,江戸川,20260616
2,5214,田中　　宏典,B1,34,59.0,03,江戸川,20260616
3,5242,高山　　弘斗,B1,20,55.0,03,江戸川,20260616
4,5197,中野　　仁照,A2,71,53.8,03,江戸川,20260616
5,5330,安河内鈴之介,A2,66,53.3,03,江戸川,20260616
6,5114,小林　　孝彰,A2,62,50.0,03,江戸川,20260616
6,5177,松井　　貫太,B1,64,50.0,03,江戸川,20260616
6,5289,佃　　　來紀,B1,31,50.0,03,江戸川,20260616
9,5337,出畑　　孝成,B1,41,47.8,03,江戸川,20260616
10,5191,飛田　　江己,A1,65,47.0,03,江戸川,20260616
10,5290,坂本　　一真,B1,27,47.0,03,江戸川,20260616
12,5307,富永　夏哉人,B1,13,46.6,03,江戸川,20260616
13,5386,米玉利　大悟,B1,52,46.1,03,江戸川,20260616
14,5351,齊藤　　　廉,B1,18,44.4,03,江戸川,20260616
15,5366,塩嶋　　泰空,B2,26,40.9,03,江戸川,20260616
16,5018,竹下　　大樹,A1,25,40.0,03,江戸川,20260616
17,5166,仲道　　大輔,A2,53,38.8,03,江戸川,20260616
17,5270,小玉　　啓太,B1,16,38.8,03,江戸川,20260616
19,5286,坂井　　滉哉,B1,36,38.1,03,江戸川,20260616
20,4985,井本　　昌也,A1,69,37.5,03,江戸川,20260616
20,5274,城間　　盛渚,B1,46,37.5,03,江戸川,20260616
20,5280,廣瀬　　　凜,A2,30,37.5,03,江戸川,20260616
23,5325,澁川　　　夏,B1,57,36.8,03,江戸川,20260616
24,5381,有山　　　望,B1,12,35.7,03,江戸川,20260616
25,5127,沼田　　大都,B1,39,33.3,03,江戸川,20260616
25,5257,西丸　侑太朗,A1,59,33.3,03,江戸川,20260616
27,5424,熊倉　　幹太,B2,33,27.7,03,江戸川,20260616
28,5298,水谷　　理人,A2,43,25.0,03,江戸川,20260616
29,5292,佐藤　　右京,B1,38,23.5,03,江戸川,20260616
30,5232,樅山　　拓馬,B1,24,22.2,03,江戸川,20260616
31,5178,成貞　　琳平,B1,47,21.7,03,江戸川,20260616
32,5208,屋良　　龍紀,B1,45,21.0,03,江戸川,20260616
32,5212,西川　　拓利,B1,61,21.0,03,江戸川,20260616
34,5244,黒田　　　剛,B1,10,20.0,03,江戸川,20260616
34,5371,早川　　颯太,B2,70,20.0,03,江戸川,20260616
36,5394,福西　広太郎,B1,48,19.0,03,江戸川,20260616
37,5064,品川　二千翔,A2,35,16.6,03,江戸川,20260616
37,5350,網代　　良芽,B1,28,16.6,03,江戸川,20260616
37,5384,八戸　　琉楓,B1,50,16.6,03,江戸川,20260616
40,5312,川辺　　郭人,B1,40,14.2,03,江戸川,20260616
41,5255,藤原　　仙二,A2,51,13.6,03,江戸川,20260616
42,5398,鐘ヶ江　真司,B1,11,13.3,03,江戸川,20260616
43,5352,西岡　　蒼志,B1,14,11.7,03,江戸川,20260616
44,5263,花田　　凱成,B1,19,11.1,03,江戸川,20260616
45,5221,竹間　　隆晟,A1,21,7.1,03,江戸川,20260616
46,5279,石渡　翔一郎,B1,15,6.6,03,江戸川,20260616
47,5187,小坂　　風太,B1,67,5.5,03,江戸川,20260616
1,3072,西田　　　靖,B1,36,0.0,04,平和島,20260618
1,3226,浦田　　信義,B1,44,0.0,04,平和島,20260618
1,3372,加藤　　雅之,B1,17,0.0,04,平和島,20260618
1,3377,塚田　　修二,B1,32,0.0,04,平和島,20260618
1,3419,栗原　　謙治,B2,24,0.0,04,平和島,20260618
1,3587,武田　　信一,B1,37,0.0,04,平和島,20260618
1,3642,大塚　　浩二,B1,40,0.0,04,平和島,20260618
1,3661,柳瀬　　興志,B1,46,0.0,04,平和島,20260618
1,3747,國崎　　良春,B1,48,0.0,04,平和島,20260618
1,3776,横井　　健太,B1,35,0.0,04,平和島,20260618
1,3939,渡辺　　真至,B2,47,0.0,04,平和島,20260618
1,3976,内田　　　圭,B1,45,0.0,04,平和島,20260618
1,4034,西原　　明生,B1,25,0.0,04,平和島,20260618
1,4040,廣瀬　　将亨,A2,43,0.0,04,平和島,20260618
1,4119,泥谷　　一毅,A2,28,0.0,04,平和島,20260618
1,4234,野相　　弘司,B1,50,0.0,04,平和島,20260618
1,4261,岡　　　祐臣,A1,10,0.0,04,平和島,20260618
1,4315,山崎　　昂介,B1,19,0.0,04,平和島,20260618
1,4319,三宅　　　潤,A2,12,0.0,04,平和島,20260618
1,4331,三好　　勇人,A2,21,0.0,04,平和島,20260618
1,4335,若林　　　将,A1,23,0.0,04,平和島,20260618
1,4411,沢田　　昭宏,A2,53,0.0,04,平和島,20260618
1,4424,松尾　　昂明,A2,29,0.0,04,平和島,20260618
1,4427,秦　　　英悟,A1,26,0.0,04,平和島,20260618
1,4429,豊田　　泰洋,B1,30,0.0,04,平和島,20260618
1,4468,大池　　佑来,A1,11,0.0,04,平和島,20260618
1,4491,田中　　　堅,B1,51,0.0,04,平和島,20260618
1,4565,西村　　豪洋,B1,16,0.0,04,平和島,20260618
1,4581,吉村　　　誠,A1,27,0.0,04,平和島,20260618
1,4588,田中　　京介,A2,39,0.0,04,平和島,20260618
1,4633,森　　　智也,A2,14,0.0,04,平和島,20260618
1,4715,村上　　　遼,A1,49,0.0,04,平和島,20260618
1,4757,山田　　祐也,A1,33,0.0,04,平和島,20260618
1,4863,三浦　　裕貴,B1,41,0.0,04,平和島,20260618
1,4950,高岡　　竜也,A2,18,0.0,04,平和島,20260618
1,4962,畑　　　竜生,A2,22,0.0,04,平和島,20260618
1,5022,伊藤　　尚汰,B1,20,0.0,04,平和島,20260618
1,5023,久永　　祥平,B1,34,0.0,04,平和島,20260618
1,5098,大江　　　純,B1,13,0.0,04,平和島,20260618
1,5137,川原　　　涼,B1,31,0.0,04,平和島,20260618
1,5226,藤田　　俊祐,A2,38,0.0,04,平和島,20260618
1,5273,山下　　拓巳,B1,15,0.0,04,平和島,20260618
1,5383,中村　　　楓,B2,52,0.0,04,平和島,20260618
1,4197,渥美　　卓郎,B1,28,59.3,05,多摩川,20260617
2,4360,庄司　　孝輔,B1,32,54.7,05,多摩川,20260617
3,4081,樋口　　範政,B1,17,48.9,05,多摩川,20260617
4,4790,柳内　　敬太,A2,14,48.7,05,多摩川,20260617
5,4407,鹿島　　敏弘,B1,26,47.2,05,多摩川,20260617
6,4558,宮野　　　仁,B1,69,46.3,05,多摩川,20260617
7,4626,伊藤　　紘章,B1,37,45.0,05,多摩川,20260617
8,4298,宮下　　元胤,A1,57,41.9,05,多摩川,20260617
9,5432,安藤　　瑠希,B2,25,41.3,05,多摩川,20260617
10,4293,鈴木　　智啓,A2,75,40.8,05,多摩川,20260617
11,4128,川口　　貴久,B1,44,36.8,05,多摩川,20260617
11,4186,小川　　時光,B1,53,36.8,05,多摩川,20260617
13,4295,小坂　　尚哉,A1,51,35.1,05,多摩川,20260617
14,5141,大澤　　風葵,A2,55,35.0,05,多摩川,20260617
15,4253,西川　　真人,B1,61,34.2,05,多摩川,20260617
15,5234,塚越　　海斗,A2,36,34.2,05,多摩川,20260617
17,3656,伯母　　芳恒,B1,64,33.3,05,多摩川,20260617
17,4339,平瀬　　城啓,B1,56,33.3,05,多摩川,20260617
17,4448,青木　　玄太,A1,67,33.3,05,多摩川,20260617
17,4539,金子　　賢志,A1,31,33.3,05,多摩川,20260617
21,5135,仲　　　航太,A2,30,31.4,05,多摩川,20260617
22,3814,金子　　貴志,B1,49,30.5,05,多摩川,20260617
22,5095,小原　　聡将,A2,18,30.5,05,多摩川,20260617
24,3831,安藤　　裕貴,B1,16,30.0,05,多摩川,20260617
25,4877,鈴谷　　一平,A1,13,29.5,05,多摩川,20260617
26,3983,須藤　　博倫,A2,70,28.9,05,多摩川,20260617
27,5074,大澤　　誠也,B1,63,28.8,05,多摩川,20260617
28,4731,間野　　兼礼,B1,21,28.5,05,多摩川,20260617
29,3863,海老澤　泰行,B1,68,27.7,05,多摩川,20260617
29,5049,松井　　友汰,A2,47,27.7,05,多摩川,20260617
29,5422,真田　　聖也,B2,62,27.7,05,多摩川,20260617
32,5035,櫻井　　　優,B1,41,27.2,05,多摩川,20260617
33,4925,森　　　悠稀,A2,54,27.0,05,多摩川,20260617
34,4933,板橋　　侑我,A1,20,26.3,05,多摩川,20260617
35,3681,山谷　　　央,B1,43,25.0,05,多摩川,20260617
35,4124,池田　　雄一,A1,52,25.0,05,多摩川,20260617
35,5341,山道　　諄也,B2,48,25.0,05,多摩川,20260617
38,3772,一柳　　和孝,B1,33,23.6,05,多摩川,20260617
39,4762,藤原　啓史朗,A1,46,22.8,05,多摩川,20260617
40,5109,川崎　　智稔,B1,66,22.5,05,多摩川,20260617
41,3948,大町　　利克,B1,24,21.6,05,多摩川,20260617
42,4944,田代　　達也,B1,38,21.0,05,多摩川,20260617
43,3771,折下　　寛法,B1,34,20.0,05,多摩川,20260617
44,5304,井田　　涼介,B2,73,17.1,05,多摩川,20260617
45,3463,乙津　　康志,B1,15,14.2,05,多摩川,20260617
46,4401,小林　　　泰,A2,22,13.5,05,多摩川,20260617
1,3943,三松　　直美,B2,22,61.7,06,浜名湖,20260616
2,3075,中村　　裕将,B1,32,51.3,06,浜名湖,20260616
3,5223,森清　　友翔,B1,10,50.0,06,浜名湖,20260616
4,3932,池田　　浩美,B1,55,48.5,06,浜名湖,20260616
5,4258,関根　　彰人,B1,11,47.2,06,浜名湖,20260616
6,4394,永嶋　　裕一,A2,5,46.6,06,浜名湖,20260616
7,4083,福島　　勇樹,A1,7,45.4,06,浜名湖,20260616
8,5128,坪井　　爽佑,B1,2,45.0,06,浜名湖,20260616
9,4547,中田　　竜太,A1,62,44.7,06,浜名湖,20260616
10,5411,木下　虎之輔,B2,49,43.9,06,浜名湖,20260616
11,4748,渡邉　　雄朗,A1,63,41.4,06,浜名湖,20260616
12,3256,三角　　哲男,A2,34,40.9,06,浜名湖,20260616
12,4561,藤山　　翔大,A2,37,40.9,06,浜名湖,20260616
14,4550,石岡　　将太,B1,40,40.8,06,浜名湖,20260616
15,4275,菅野　はやか,B2,8,38.1,06,浜名湖,20260616
15,4540,相原　　利章,A2,14,38.1,06,浜名湖,20260616
17,3604,武藤　　綾子,B1,66,36.8,06,浜名湖,20260616
18,3891,谷口　　健一,B1,24,36.5,06,浜名湖,20260616
19,3993,永井　　聖美,A2,17,35.9,06,浜名湖,20260616
20,5449,堀井　　涼平,B2,44,35.7,06,浜名湖,20260616
21,4022,待鳥　　雄紀,B1,13,33.3,06,浜名湖,20260616
22,3995,重野　　哲之,A1,4,32.5,06,浜名湖,20260616
23,4220,深川　　和仁,B1,54,30.9,06,浜名湖,20260616
23,5038,金田　　智博,A2,38,30.9,06,浜名湖,20260616
25,3947,寺本　　昇平,B1,30,27.2,06,浜名湖,20260616
26,4692,酒井　　俊弘,B1,31,26.8,06,浜名湖,20260616
27,4225,土屋　　千明,A2,29,25.0,06,浜名湖,20260616
27,4564,山本　景士郎,B1,51,25.0,06,浜名湖,20260616
29,4154,森安　　弘雅,B1,47,24.3,06,浜名湖,20260616
30,3158,島川　　光男,A2,64,23.8,06,浜名湖,20260616
31,4555,富永　　大一,A2,57,22.5,06,浜名湖,20260616
32,4566,塩田　　北斗,A1,50,21.8,06,浜名湖,20260616
33,3992,関口　　智久,B1,9,20.4,06,浜名湖,20260616
34,3523,寳田　　亮治,B1,25,20.0,06,浜名湖,20260616
35,4343,村岡　　　賢,B1,41,18.7,06,浜名湖,20260616
36,3849,中岡　　正彦,A1,43,18.1,06,浜名湖,20260616
36,4043,桐本　　康臣,A2,35,18.1,06,浜名湖,20260616
38,3987,後藤　　正宗,B1,12,17.5,06,浜名湖,20260616
39,3839,川合　　理司,B1,65,17.0,06,浜名湖,20260616
40,5282,中本　　大樹,B1,6,15.6,06,浜名湖,20260616
41,4797,中山　　　将,A2,60,14.2,06,浜名湖,20260616
42,4419,原　　加央理,B1,27,9.6,06,浜名湖,20260616
43,4050,田口　　節子,A1,28,7.1,06,浜名湖,20260616
1,3793,高橋　　真吾,B1,59,37.8,07,蒲郡,20260617
2,4893,渡邉　真奈美,B1,70,36.6,07,蒲郡,20260617
3,3277,齋藤　　　勇,B1,27,36.4,07,蒲郡,20260617
4,4079,出畑　　孝典,A2,35,36.2,07,蒲郡,20260617
4,4771,下寺　　秀和,A1,58,36.2,07,蒲郡,20260617
6,3432,宮迫　　暢彦,B1,46,36.0,07,蒲郡,20260617
7,3845,中谷　　朋子,B1,55,35.8,07,蒲郡,20260617
8,5115,香川　　颯太,B2,20,35.5,07,蒲郡,20260617
9,5010,宇留田　翔平,A2,19,35.3,07,蒲郡,20260617
10,3567,吉岡　　　誠,B1,16,34.8,07,蒲郡,20260617
11,4461,安田　　吉宏,B1,22,34.1,07,蒲郡,20260617
11,4995,田邉　　亮蔵,B1,56,34.1,07,蒲郡,20260617
13,3542,清水　　紀克,B1,65,33.9,07,蒲郡,20260617
14,4193,郷原　　章平,A1,17,33.4,07,蒲郡,20260617
14,4684,楠原　　翔太,A2,57,33.4,07,蒲郡,20260617
16,3875,廣中　　良一,B1,33,33.1,07,蒲郡,20260617
17,4938,小芦　るり華,A1,61,33.0,07,蒲郡,20260617
17,5006,久保原　秀人,B1,49,33.0,07,蒲郡,20260617
19,4471,新田　　泰章,A1,31,32.1,07,蒲郡,20260617
20,4652,酒見　　峻介,A2,30,31.8,07,蒲郡,20260617
21,4314,青木　幸太郎,A2,32,31.5,07,蒲郡,20260617
22,5057,上田　　紗奈,B1,52,31.3,07,蒲郡,20260617
23,5218,山田　　理央,A2,36,30.7,07,蒲郡,20260617
24,5393,藤原　　　駿,B2,28,30.1,07,蒲郡,20260617
25,4781,西舘　　果里,B2,11,30.0,07,蒲郡,20260617
26,5291,三嶌　こころ,B1,51,29.8,07,蒲郡,20260617
27,4979,中野　　夢斗,A2,24,29.4,07,蒲郡,20260617
28,5070,中島　　　航,B1,62,29.0,07,蒲郡,20260617
29,3577,向所　　浩二,B1,43,28.0,07,蒲郡,20260617
30,3602,奥平　　拓也,B1,68,27.6,07,蒲郡,20260617
31,4635,峰重　　力也,B1,50,27.4,07,蒲郡,20260617
32,4357,田中　　和也,A1,15,27.3,07,蒲郡,20260617
32,5377,鳥居塚　嶺王,B1,48,27.3,07,蒲郡,20260617
34,5014,梶山　　涼斗,B1,41,26.8,07,蒲郡,20260617
35,5252,荒木　　颯斗,A2,45,26.7,07,蒲郡,20260617
36,4649,和田　　操拓,A2,14,26.4,07,蒲郡,20260617
37,5007,近藤　雄一郎,B1,75,26.0,07,蒲郡,20260617
38,4201,佐竹　　友樹,B1,74,25.2,07,蒲郡,20260617
39,4120,柘植　　政浩,A2,71,24.5,07,蒲郡,20260617
40,4051,清水　　敦揮,A1,47,24.4,07,蒲郡,20260617
41,3484,芝田　　浩治,A2,37,23.8,07,蒲郡,20260617
42,3741,松尾　　基成,B1,66,23.7,07,蒲郡,20260617
43,4431,石塚　　裕介,B1,73,23.6,07,蒲郡,20260617
1,4337,平本　　真之,A1,14,49.6,08,常滑,20260617
2,3897,白井　　英治,A1,3,46.6,08,常滑,20260617
2,5196,鰐部　太空海,A1,35,46.6,08,常滑,20260617
4,4324,海野　康志郎,A1,9,45.8,08,常滑,20260617
5,5121,定松　　勇樹,A1,30,45.7,08,常滑,20260617
6,4907,小池　　修平,A1,12,45.4,08,常滑,20260617
7,4604,岩瀬　　裕亮,A1,31,42.5,08,常滑,20260617
8,4776,竹田　　和哉,A1,53,42.4,08,常滑,20260617
9,4760,山崎　　　郡,A1,10,41.0,08,常滑,20260617
10,4959,井上　　忠政,A1,42,40.4,08,常滑,20260617
11,4371,西山　　貴浩,A1,16,39.6,08,常滑,20260617
12,3719,辻　　　栄蔵,A1,21,39.4,08,常滑,20260617
13,3946,赤岩　　善生,A1,26,38.7,08,常滑,20260617
13,4444,桐生　　順平,A1,59,38.7,08,常滑,20260617
15,4739,中村　　晃朋,A1,51,38.6,08,常滑,20260617
16,4262,馬場　　貴也,A1,39,38.2,08,常滑,20260617
17,3779,原田　　幸哉,A1,43,37.5,08,常滑,20260617
18,4713,白神　　　優,A1,52,37.4,08,常滑,20260617
19,4497,桑原　　　悠,A1,29,35.7,08,常滑,20260617
19,5051,松本　　純平,A1,8,35.7,08,常滑,20260617
21,4075,中野　　次郎,A1,47,35.0,08,常滑,20260617
21,4096,石橋　　道友,A1,50,35.0,08,常滑,20260617
23,4759,今泉　　友吾,A1,1,34.2,08,常滑,20260617
24,4586,磯部　　　誠,A1,5,34.1,08,常滑,20260617
25,4362,土屋　　智則,A1,7,33.5,08,常滑,20260617
25,4503,上野　真之介,A1,20,33.5,08,常滑,20260617
25,4914,吉田　　裕平,A1,19,33.5,08,常滑,20260617
28,3956,横澤　　剛治,A1,13,32.8,08,常滑,20260617
28,4980,佐々木　完太,A1,24,32.8,08,常滑,20260617
30,3783,瓜生　　正義,A1,40,32.6,08,常滑,20260617
30,4013,中島　　孝平,A1,58,32.6,08,常滑,20260617
32,4831,羽野　　直也,A1,37,32.4,08,常滑,20260617
33,4682,大上　　卓人,A1,38,31.8,08,常滑,20260617
34,5267,石本　　裕武,A1,32,31.7,08,常滑,20260617
35,4579,中嶋　健一郎,A1,25,31.4,08,常滑,20260617
36,5017,澤田　　尚也,A1,22,31.1,08,常滑,20260617
37,4456,鎌倉　　　涼,A1,4,31.0,08,常滑,20260617
38,4754,松尾　　　充,A1,23,30.9,08,常滑,20260617
39,4584,村岡　　賢人,A1,46,29.8,08,常滑,20260617
40,3941,池田　　浩二,A1,36,29.7,08,常滑,20260617
40,3960,菊地　　孝平,A1,60,29.7,08,常滑,20260617
42,4482,守屋　　美穂,A1,17,29.5,08,常滑,20260617
43,4188,久田　　敏之,A1,28,29.4,08,常滑,20260617
44,4502,遠藤　　エミ,A1,6,29.2,08,常滑,20260617
44,4532,秋元　　　哲,A1,54,29.2,08,常滑,20260617
46,4205,山口　　　剛,A1,41,29.1,08,常滑,20260617
47,4483,北野　　輝季,A1,15,28.9,08,常滑,20260617
48,4688,永井　　彪也,A1,45,28.7,08,常滑,20260617
49,4084,杉山　　正樹,A1,56,27.8,08,常滑,20260617
50,4344,新田　　雄史,A1,57,23.1,08,常滑,20260617
1,3615,横田　　　茂,B1,49,47.3,09,津,20260617
2,4654,篠田　　優也,A2,44,44.9,09,津,20260617
3,4369,丹下　　　将,A2,24,41.9,09,津,20260617
4,4332,村上　　彰一,B1,21,41.7,09,津,20260617
5,4366,前沢　　丈史,A1,22,41.4,09,津,20260617
6,4910,中村　　泰平,A1,41,41.1,09,津,20260617
7,4943,八木　　治樹,B1,39,41.0,09,津,20260617
8,5349,宮崎　　奏磨,B2,18,39.5,09,津,20260617
9,4640,山ノ内　雅人,A2,16,39.2,09,津,20260617
9,4766,石井　　孝之,B1,56,39.2,09,津,20260617
11,5385,鈴木　　柊介,B2,64,37.7,09,津,20260617
12,5152,丸山　　祐也,B1,27,37.3,09,津,20260617
13,4892,柴田　　直哉,B1,50,36.6,09,津,20260617
14,5402,塚越　　陸斗,B2,48,36.4,09,津,20260617
15,4875,大塚　　康雅,B1,35,36.3,09,津,20260617
16,5020,宮村　　勇哉,B1,28,36.2,09,津,20260617
17,3906,飯山　　晃三,B1,55,36.0,09,津,20260617
17,4736,高倉　　和士,A1,40,36.0,09,津,20260617
19,5048,眞鳥　　康太,B1,67,35.7,09,津,20260617
20,4145,小澤　　　学,B1,62,35.6,09,津,20260617
21,4710,福田　　宗平,A1,31,34.8,09,津,20260617
22,3907,村越　　　篤,A2,46,34.7,09,津,20260617
23,4346,前田　健太郎,B1,20,34.5,09,津,20260617
24,3950,石川　　哲秀,B1,53,34.4,09,津,20260617
25,4174,赤坂　　俊輔,A1,63,34.3,09,津,20260617
26,5126,山下　　大輝,A1,72,33.9,09,津,20260617
27,5275,松田　　淳平,A2,15,33.3,09,津,20260617
28,4894,原村　　拓也,B1,68,33.0,09,津,20260617
29,4951,新田　　洋一,B1,52,32.6,09,津,20260617
30,5107,松本　　真広,B1,43,32.1,09,津,20260617
31,4229,市川　　美宏,B1,29,32.0,09,津,20260617
32,4583,古田　　祐貴,A2,61,31.9,09,津,20260617
32,4945,上村　　宏太,B1,13,31.9,09,津,20260617
34,3812,山崎　　聖司,B1,60,31.4,09,津,20260617
35,3652,森下　　　勇,B1,58,30.9,09,津,20260617
36,4623,中北　　将史,B1,34,29.2,09,津,20260617
37,3745,橋本　　年光,B1,23,28.9,09,津,20260617
38,4608,荒井　　翔伍,A2,47,28.4,09,津,20260617
39,4779,伊倉　　　光,B1,33,28.2,09,津,20260617
40,3873,別府　　昌樹,A2,54,26.3,09,津,20260617
40,4248,岡本　　　大,B1,45,26.3,09,津,20260617
42,4379,桑島　　和宏,A1,71,25.9,09,津,20260617
43,4236,松村　　　敏,A1,65,23.6,09,津,20260617
44,4390,松本　　弓雄,B1,30,23.4,09,津,20260617
45,4082,濱崎　　　誠,B1,66,22.7,09,津,20260617
46,5364,金子　　怜央,B2,19,22.1,09,津,20260617
47,4359,横川　　聖志,A2,12,18.1,09,津,20260617
1,4404,岸蔭　　　亮,B1,44,49.0,10,三国,20260616
2,4402,乙藤　　智史,A2,51,47.3,10,三国,20260616
3,3606,川北　　浩貴,B1,54,46.1,10,三国,20260616
4,4039,村上　　功祐,A2,30,45.6,10,三国,20260616
5,3461,渡邊　　哲也,B1,46,45.4,10,三国,20260616
6,4396,大田　　直弥,A2,66,44.8,10,三国,20260616
7,4000,松本　　博昭,A2,45,43.6,10,三国,20260616
7,4406,幸野　　史明,B1,55,43.6,10,三国,20260616
9,3935,岩津　　徹郎,B1,17,42.6,10,三国,20260616
10,4677,片橋　　幸貴,B2,23,42.3,10,三国,20260616
11,3966,作間　　　章,A1,42,41.6,10,三国,20260616
12,5261,岡　　　暢祐,B1,31,41.0,10,三国,20260616
13,4515,藤田　　浩人,A2,43,40.8,10,三国,20260616
14,5157,市川　　健太,B1,24,40.7,10,三国,20260616
15,4259,真庭　　明志,A2,61,40.6,10,三国,20260616
16,3679,飯島　　昌弘,A1,20,40.3,10,三国,20260616
17,4238,毒島　　　誠,B2,57,39.6,10,三国,20260616
18,3867,松浦　　　勝,B1,28,38.9,10,三国,20260616
19,4210,松村　　康太,A2,62,38.8,10,三国,20260616
20,5293,眞崎　　武蔵,B2,27,37.7,10,三国,20260616
21,5460,早川　　理稀,B2,48,37.1,10,三国,20260616
22,4918,川島　　拓郎,B1,49,36.3,10,三国,20260616
23,4264,長尾　　章平,A1,53,35.5,10,三国,20260616
24,3572,安田　　政彦,A2,34,34.3,10,三国,20260616
25,3822,平尾　　崇典,A1,15,33.9,10,三国,20260616
26,4664,東口　　　晃,B1,52,33.3,10,三国,20260616
27,4002,古結　　　宏,A1,58,32.7,10,三国,20260616
27,5085,中村　　栄治,B1,13,32.7,10,三国,20260616
29,4055,吉田　　俊彦,A1,25,32.2,10,三国,20260616
30,4301,関　　　裕也,B1,12,32.1,10,三国,20260616
31,4148,枝尾　　　賢,A2,18,31.7,10,三国,20260616
32,3882,新田　　智彰,B1,29,29.6,10,三国,20260616
33,4981,牧山　　敦也,B1,69,29.3,10,三国,20260616
34,3401,上田　　隆章,B1,19,29.2,10,三国,20260616
35,4452,松尾　　　祭,A2,59,28.8,10,三国,20260616
36,4978,山田　　和佐,B1,21,28.7,10,三国,20260616
37,5082,一色　　凌雅,B1,36,28.0,10,三国,20260616
38,4112,大久保信一郎,B1,38,27.1,10,三国,20260616
39,3557,太田　　和美,A1,56,26.6,10,三国,20260616
40,4521,小池　　公生,A1,39,23.7,10,三国,20260616
41,4904,松本　　一毅,A2,41,20.9,10,三国,20260616
42,3406,中里　　英夫,A2,37,20.6,10,三国,20260616
42,4641,磯村　　　匠,B1,67,20.6,10,三国,20260616
44,3870,寺嶋　　　雄,B1,47,19.3,10,三国,20260616
45,3696,白井　　友晴,B1,68,14.8,10,三国,20260616
1,5379,廣部　　大明,B2,18,57.7,11,びわこ,20260614
2,4233,亀山　　雅幸,A2,33,47.7,11,びわこ,20260614
2,4992,廣瀬　　篤哉,B1,57,47.7,11,びわこ,20260614
4,4665,加藤　　啓太,B1,72,46.5,11,びわこ,20260614
5,3362,間嶋　　仁志,B1,13,45.4,11,びわこ,20260614
6,4434,田中　　辰彦,A1,11,45.2,11,びわこ,20260614
7,4895,門間　　雄大,B1,67,43.2,11,びわこ,20260614
8,4278,藤岡　　俊介,A1,21,42.8,11,びわこ,20260614
9,4809,外崎　　　悟,A2,23,39.4,11,びわこ,20260614
10,3202,三品　　隆浩,B1,43,37.9,11,びわこ,20260614
11,3439,大平　誉史明,A2,68,37.7,11,びわこ,20260614
12,5340,樋江井　　舞,B1,44,36.8,11,びわこ,20260614
13,4033,伊藤　　将吉,A1,48,36.1,11,びわこ,20260614
14,5380,野田　　亜湖,B2,20,35.2,11,びわこ,20260614
15,4928,栗城　　　匠,A1,19,35.1,11,びわこ,20260614
16,3811,石田　　章央,A2,38,34.4,11,びわこ,20260614
17,4663,籾山　　佳岳,B2,58,34.2,11,びわこ,20260614
17,5037,田頭　　虎親,B1,12,34.2,11,びわこ,20260614
17,5050,木下　　雄介,A2,50,34.2,11,びわこ,20260614
20,3538,菊池　　峰晴,B1,14,33.3,11,びわこ,20260614
20,5367,赤松　　咲香,B2,37,33.3,11,びわこ,20260614
22,3556,田中　信一郎,A1,41,32.4,11,びわこ,20260614
23,3334,角　　ひとみ,A2,25,31.4,11,びわこ,20260614
24,3826,村田　　修次,A2,52,30.5,11,びわこ,20260614
25,4208,三浦　　永理,A1,63,30.3,11,びわこ,20260614
26,4348,宮崎　　　奨,A2,36,30.0,11,びわこ,20260614
27,4615,板倉　　敦史,B1,55,29.7,11,びわこ,20260614
27,5054,佐々木　大河,A2,51,29.7,11,びわこ,20260614
29,3828,明石　　正之,B1,17,28.5,11,びわこ,20260614
29,3952,中澤　　和志,A1,49,28.5,11,びわこ,20260614
31,4058,野末　　智一,A2,69,28.2,11,びわこ,20260614
32,4614,石倉　　洋行,A1,26,27.6,11,びわこ,20260614
33,5239,上野　　俊樹,B1,47,25.5,11,びわこ,20260614
34,4067,永井　　　源,A1,39,24.3,11,びわこ,20260614
35,3910,松下　　知幸,B1,31,23.5,11,びわこ,20260614
36,4066,東本　　勝利,A1,30,22.8,11,びわこ,20260614
37,5262,鈴木　　章司,B1,53,22.2,11,びわこ,20260614
38,3757,畑　　　和宏,B1,56,21.4,11,びわこ,20260614
39,4844,村上　　奈穂,B1,66,20.5,11,びわこ,20260614
40,5389,恵良　　琴美,B2,62,20.0,11,びわこ,20260614
41,5264,登　　みひ果,B1,71,16.6,11,びわこ,20260614
42,4102,益田　　啓司,A1,65,13.7,11,びわこ,20260614
43,3605,中村　　守成,B1,24,10.0,11,びわこ,20260614
44,3304,烏野　　賢太,A2,60,9.6,11,びわこ,20260614
45,3955,眞田　　英二,B1,27,0.0,11,びわこ,20260614
1,4077,品田　　直樹,B1,20,55.3,12,住之江,20260617
2,5145,島川　　海輝,A2,11,52.2,12,住之江,20260617
3,4580,長谷川　雅和,B1,38,48.8,12,住之江,20260617
4,4485,楠原　　正剛,A2,29,48.0,12,住之江,20260617
4,5073,上原　健次郎,A2,54,48.0,12,住之江,20260617
6,3808,秋田　健太郎,B1,27,44.4,12,住之江,20260617
6,4418,茅原　　悠紀,A1,17,44.4,12,住之江,20260617
8,3589,西村　　　勝,B1,32,42.3,12,住之江,20260617
9,4376,藤田　　靖弘,A2,70,41.6,12,住之江,20260617
10,3986,沖島　　広和,B1,67,40.4,12,住之江,20260617
10,5243,三馬　　崇史,A2,57,40.4,12,住之江,20260617
12,3660,長谷川　親王,B1,18,39.5,12,住之江,20260617
13,5077,滝沢　　　崚,B2,22,38.7,12,住之江,20260617
14,4086,寺本　　重宣,A2,73,38.3,12,住之江,20260617
15,5076,石原　　　光,B1,19,38.0,12,住之江,20260617
16,4189,川上　　　剛,A2,37,37.5,12,住之江,20260617
16,4281,大澤　　大夢,B1,52,37.5,12,住之江,20260617
18,5083,柳瀬　　幹太,B1,71,37.2,12,住之江,20260617
19,4292,麻生　　慎介,A1,60,36.7,12,住之江,20260617
20,5136,濱野　　斗馬,A2,85,36.5,12,住之江,20260617
21,4610,佐藤　　大佑,A2,53,36.1,12,住之江,20260617
22,3933,山地　　正樹,B1,55,35.4,12,住之江,20260617
22,4596,葛原　　大陽,A1,72,35.4,12,住之江,20260617
24,3576,白水　　勝也,A1,77,35.2,12,住之江,20260617
25,4116,川田　　正人,B1,23,34.7,12,住之江,20260617
26,4683,向井田　直弥,B2,82,34.6,12,住之江,20260617
26,5124,上瀧　　絢也,B2,16,34.6,12,住之江,20260617
28,3211,北川　　敏弘,B1,26,34.0,12,住之江,20260617
29,4167,片岡　　秀樹,B1,84,33.3,12,住之江,20260617
30,3415,松井　　　繁,A1,51,32.6,12,住之江,20260617
30,4508,野間　　大樹,B1,35,32.6,12,住之江,20260617
32,3471,赤峰　　和也,B1,15,31.1,12,住之江,20260617
32,3940,飯山　　　泰,A1,75,31.1,12,住之江,20260617
34,4514,上條　　嘉嗣,A1,79,30.7,12,住之江,20260617
35,4969,町田　　洸希,B1,14,30.4,12,住之江,20260617
36,4245,高橋　　直哉,B1,68,30.0,12,住之江,20260617
37,4545,岡村　　慶太,A1,56,29.7,12,住之江,20260617
38,5222,津田　　陸翔,A2,12,28.5,12,住之江,20260617
39,5133,堀越　　雄貴,B1,58,28.2,12,住之江,20260617
39,5372,上岡　　巧汰,B2,21,28.2,12,住之江,20260617
41,4213,重富　　伸也,B1,69,21.9,12,住之江,20260617
42,4036,金田　　　諭,A1,76,19.4,12,住之江,20260617
42,4439,近藤　　友宝,B1,81,19.4,12,住之江,20260617
44,5303,土井　　歩夢,B1,59,14.8,12,住之江,20260617
45,4523,中村　　辰也,A2,65,13.3,12,住之江,20260617
46,3684,清水　　攻二,A2,78,11.1,12,住之江,20260617
1,5425,西山　　　育,B2,4,56.7,13,尼崎,20260617
2,4163,山崎　　裕司,A2,26,52.1,13,尼崎,20260617
3,4680,後藤　　美翼,B1,13,51.6,13,尼崎,20260617
4,3580,水口　　由紀,B1,9,51.2,13,尼崎,20260617
4,4787,椎名　　　豊,A1,12,51.2,13,尼崎,20260617
6,5247,大森　　　翼,B1,39,50.0,13,尼崎,20260617
7,3977,山本　　兼士,B1,14,46.1,13,尼崎,20260617
8,5205,刑部　亜里紗,A2,55,45.6,13,尼崎,20260617
9,4675,井手　　良太,B1,48,44.7,13,尼崎,20260617
10,4511,中岡　　健人,B1,29,43.4,13,尼崎,20260617
11,4798,浜先　　真範,A1,54,39.4,13,尼崎,20260617
12,3535,渡　　　修平,B1,16,38.8,13,尼崎,20260617
13,4522,古澤　　光紀,A1,44,38.1,13,尼崎,20260617
14,5140,吉田　　彩乃,B1,24,36.9,13,尼崎,20260617
15,4010,越智　　照浩,B1,60,36.5,13,尼崎,20260617
16,3294,野中　　義生,B1,11,35.4,13,尼崎,20260617
17,4601,森野　　正弘,A2,10,35.1,13,尼崎,20260617
18,3945,橋口　　真樹,B1,58,34.2,13,尼崎,20260617
18,4109,谷津　　幸宏,A1,63,34.2,13,尼崎,20260617
20,3878,胡本　　悟志,B1,3,33.3,13,尼崎,20260617
20,5092,篠原　　晟弥,A2,17,33.3,13,尼崎,20260617
22,4446,和田　　兼輔,A1,1,31.7,13,尼崎,20260617
23,4297,山田　　哲也,A1,15,31.5,13,尼崎,20260617
24,4496,内堀　　　学,A2,31,31.1,13,尼崎,20260617
25,3392,小森　　信雄,B1,20,30.3,13,尼崎,20260617
26,5434,藤田　　康生,B2,46,28.5,13,尼崎,20260617
27,3591,後藤　　孝義,B2,7,28.2,13,尼崎,20260617
27,3900,香川　　素子,A1,40,28.2,13,尼崎,20260617
29,3748,小黒　　竜吾,B1,47,25.5,13,尼崎,20260617
30,4769,馬場　　　剛,A2,56,25.0,13,尼崎,20260617
31,4449,中嶋　　達也,B1,28,24.4,13,尼崎,20260617
32,4041,小林　　基樹,B2,51,24.3,13,尼崎,20260617
32,4239,竹田　　辰也,A1,52,24.3,13,尼崎,20260617
34,3859,多羅尾　達之,B1,36,21.6,13,尼崎,20260617
34,4393,田中　　孝明,B1,53,21.6,13,尼崎,20260617
36,4888,金児　　隆太,B1,22,20.5,13,尼崎,20260617
37,4215,吉島　　祥之,A2,59,20.0,13,尼崎,20260617
38,5123,福山　恵里奈,B1,41,19.3,13,尼崎,20260617
39,4607,鶴田　　勇雄,A2,43,16.6,13,尼崎,20260617
40,3352,小川　　晃司,B1,6,16.0,13,尼崎,20260617
41,5153,佐藤　ほのか,B1,42,15.3,13,尼崎,20260617
42,3686,鳥居塚　孝博,A2,61,14.8,13,尼崎,20260617
43,3474,松瀬　　弘美,B1,21,14.2,13,尼崎,20260617
44,3268,森　　　竜也,B1,19,13.7,13,尼崎,20260617
45,5158,宮脇　　遼太,A2,49,12.0,13,尼崎,20260617
1,4095,福来　　　剛,A1,29,58.3,14,鳴門,20260613
2,4842,山下　　昂大,A2,15,57.1,14,鳴門,20260613
3,5391,出穂　　和鼓,B2,30,50.0,14,鳴門,20260613
4,4834,浜本　　裕己,A2,57,46.8,14,鳴門,20260613
5,4182,吉田　　和仁,B1,14,44.7,14,鳴門,20260613
6,4124,池田　　雄一,A1,31,44.4,14,鳴門,20260613
7,5297,南　　　彩寧,B1,24,44.1,14,鳴門,20260613
8,3934,鋤柄　　貴俊,B1,58,42.4,14,鳴門,20260613
9,5240,高橋　　龍治,B1,19,37.8,14,鳴門,20260613
10,5397,寺田　　夢生,B2,20,37.1,14,鳴門,20260613
11,5055,眞鳥　　章太,A2,17,35.9,14,鳴門,20260613
12,4062,後藤　　陽介,B1,27,35.1,14,鳴門,20260613
13,3832,下田　　哲也,B1,34,31.7,14,鳴門,20260613
14,5440,薗頭　　　心,B2,69,30.7,14,鳴門,20260613
15,4447,深川　麻奈美,A1,74,30.3,14,鳴門,20260613
16,5075,中島　　秀治,A2,63,29.2,14,鳴門,20260613
17,5336,瀬川　　大地,B1,26,28.9,14,鳴門,20260613
18,5086,本村　　　大,B1,11,28.8,14,鳴門,20260613
19,3752,宇土　　泰就,B1,84,27.7,14,鳴門,20260613
19,4991,宗行　　治哉,A2,35,27.7,14,鳴門,20260613
21,5459,田中　　きら,B2,64,27.2,14,鳴門,20260613
22,4852,川原　　祐明,A1,76,26.4,14,鳴門,20260613
23,4436,渋谷　　明憲,A2,32,26.3,14,鳴門,20260613
24,3841,佐々木　和伸,A2,60,25.7,14,鳴門,20260613
24,4057,松井　　賢治,A2,78,25.7,14,鳴門,20260613
26,4082,濱崎　　　誠,B1,22,25.5,14,鳴門,20260613
27,4380,鈴木　　峻佑,B1,81,24.2,14,鳴門,20260613
27,4446,和田　　兼輔,A1,28,24.2,14,鳴門,20260613
27,5188,武井　莉里佳,A2,80,24.2,14,鳴門,20260613
30,5254,羽田　　妃希,B1,21,23.3,14,鳴門,20260613
31,5008,羽野　　　諒,B1,10,21.2,14,鳴門,20260613
32,4643,近江　　翔吾,A1,51,20.6,14,鳴門,20260613
33,3302,谷川　　里江,B1,18,20.4,14,鳴門,20260613
34,4463,三苫　　晃幸,B1,25,20.0,14,鳴門,20260613
35,4839,四宮　　与寛,A2,83,19.3,14,鳴門,20260613
36,4592,小林　　孝弘,B1,39,18.9,14,鳴門,20260613
37,3777,樋口　　　亮,A2,23,18.6,14,鳴門,20260613
38,5105,富田　　恕生,B1,13,18.1,14,鳴門,20260613
39,4835,橋本　　　明,B1,68,17.6,14,鳴門,20260613
39,5170,佐藤　　太亮,B1,73,17.6,14,鳴門,20260613
41,4952,吉武　　真也,B1,53,13.8,14,鳴門,20260613
42,2538,高橋　　二朗,B1,36,13.5,14,鳴門,20260613
43,4704,河野　　　大,A2,75,12.5,14,鳴門,20260613
1,3645,淺田　千亜希,B2,20,52.0,15,丸亀,20260611
2,5296,永田　　　楽,B1,29,47.7,15,丸亀,20260611
3,5413,宮城　　那菜,B2,60,46.1,15,丸亀,20260611
4,4874,池田　奈津美,B1,48,44.6,15,丸亀,20260611
5,4501,樋口　由加里,A2,34,43.6,15,丸亀,20260611
6,4243,西村　　　歩,A2,7,43.1,15,丸亀,20260611
7,4746,大豆生田　蒼,A2,32,42.3,15,丸亀,20260611
8,5052,赤井　星璃菜,B2,8,39.8,15,丸亀,20260611
9,4372,原田　　佑実,A2,54,39.7,15,丸亀,20260611
10,4823,中村　　桃佳,A1,12,38.8,15,丸亀,20260611
10,4974,安井　　瑞紀,A1,52,38.8,15,丸亀,20260611
12,4744,伊藤　　玲奈,B1,45,38.7,15,丸亀,20260611
12,5069,山崎　小葉音,B1,24,38.7,15,丸亀,20260611
14,4642,松尾　　夏海,A1,30,38.5,15,丸亀,20260611
15,4924,中北　　　涼,B1,59,38.3,15,丸亀,20260611
16,4733,赤井　　　睦,B1,46,37.7,15,丸亀,20260611
17,3509,池　　　千夏,B1,2,37.6,15,丸亀,20260611
18,5200,筒井　　美琴,B2,3,37.2,15,丸亀,20260611
19,5192,中尾　　優香,A2,36,37.1,15,丸亀,20260611
20,3232,山川　美由紀,A2,55,37.0,15,丸亀,20260611
21,5272,松田　　真実,B1,58,36.4,15,丸亀,20260611
22,4450,平高　　奈菜,A2,57,36.0,15,丸亀,20260611
22,5406,小畑　　楓夏,B2,16,36.0,15,丸亀,20260611
24,4387,平山　　智加,A1,27,35.8,15,丸亀,20260611
25,4965,福岡　　泉水,B1,40,35.3,15,丸亀,20260611
26,5218,山田　　理央,A2,9,35.2,15,丸亀,20260611
27,5241,門田　　　栞,B1,28,34.1,15,丸亀,20260611
28,4984,森下　　愛梨,A2,37,33.9,15,丸亀,20260611
29,4994,山本　　梨菜,A1,53,33.8,15,丸亀,20260611
30,4878,西岡　　育未,B1,51,33.5,15,丸亀,20260611
31,5335,森　　　陽多,B1,6,32.5,15,丸亀,20260611
32,5291,三嶌　こころ,B1,61,30.9,15,丸亀,20260611
33,4678,水野　　望美,B1,33,29.3,15,丸亀,20260611
34,5265,大廣　　咲季,B1,35,28.9,15,丸亀,20260611
35,3435,寺田　　千恵,A1,21,28.7,15,丸亀,20260611
36,5317,長尾　　萌加,B1,66,28.6,15,丸亀,20260611
37,4313,西村　美智子,B2,18,28.3,15,丸亀,20260611
38,4590,渡邉　　優美,A1,10,28.1,15,丸亀,20260611
39,4443,津田　　裕絵,A2,31,27.4,15,丸亀,20260611
40,5437,中澤　　里桜,B2,13,27.3,15,丸亀,20260611
41,5326,三嶌　さらら,B1,19,26.7,15,丸亀,20260611
42,4938,小芦　るり華,A1,44,26.6,15,丸亀,20260611
42,5173,谷口　　佳蓮,B1,43,26.6,15,丸亀,20260611
44,5078,山川　　波乙,B1,63,26.5,15,丸亀,20260611
45,5003,来田　　衣織,B1,41,26.1,15,丸亀,20260611
46,5295,田上　　　凜,B1,23,25.0,15,丸亀,20260611
1,4323,山田　　佑樹,B1,55,48.1,16,児島,20260616
2,3612,馬袋　　義則,A1,35,47.0,16,児島,20260616
3,4504,前田　　将太,A1,60,42.3,16,児島,20260616
4,3613,角谷　　健吾,A1,17,42.2,16,児島,20260616
5,4093,吉田　　宗弘,B1,50,39.8,16,児島,20260616
5,4425,大井　　清貴,B1,16,39.8,16,児島,20260616
7,5375,庄島　　潤成,B2,21,39.7,16,児島,20260616
8,4967,中村　　魁生,A1,39,39.1,16,児島,20260616
9,4709,岡村　　将也,A2,56,38.5,16,児島,20260616
10,3300,川崎　　智幸,A1,57,38.0,16,児島,20260616
10,4430,永田　　秀二,A2,53,38.0,16,児島,20260616
12,3963,原田　　秀弥,B1,58,36.8,16,児島,20260616
13,3455,谷本　　幸司,B1,65,36.5,16,児島,20260616
13,4873,蒲原　　健太,A2,31,36.5,16,児島,20260616
15,4960,黒野　　元基,A1,27,35.8,16,児島,20260616
16,3543,福田　　雅一,B1,26,35.5,16,児島,20260616
17,3711,江本　　真治,A2,61,34.8,16,児島,20260616
18,5316,村松　　将平,B1,42,34.3,16,児島,20260616
19,4060,島田　　一生,B1,29,34.0,16,児島,20260616
20,4260,中越　　博紀,A2,38,33.8,16,児島,20260616
21,4232,笠　　　雅雄,B1,49,33.3,16,児島,20260616
21,4750,井上　　尚悟,B1,68,33.3,16,児島,20260616
23,3251,平石　　和男,A2,23,32.8,16,児島,20260616
23,4700,金子　　和之,A2,22,32.8,16,児島,20260616
25,4231,鈴木　　裕隆,A2,28,32.5,16,児島,20260616
26,4202,浮田　　圭浩,B1,18,32.3,16,児島,20260616
27,4902,山川　　雄大,B1,41,32.0,16,児島,20260616
28,5463,出口　　飛龍,B2,24,31.7,16,児島,20260616
29,3838,伊藤　　啓三,B1,15,31.1,16,児島,20260616
29,4104,木下　　陽介,B1,34,31.1,16,児島,20260616
31,3805,高橋　　英之,A2,37,31.0,16,児島,20260616
31,4403,木下　　大將,A2,69,31.0,16,児島,20260616
33,5235,岩田　　　凌,B2,45,30.0,16,児島,20260616
34,4413,水摩　　　敦,A2,52,29.2,16,児島,20260616
35,4367,山口　　修路,B1,59,28.3,16,児島,20260616
36,4106,坂井　　康嗣,B1,64,28.2,16,児島,20260616
37,4199,北川　　潤二,A2,25,25.7,16,児島,20260616
38,4384,鶴本　　崇文,A1,11,25.5,16,児島,20260616
39,4195,前川　　守嗣,B1,48,25.0,16,児島,20260616
40,3478,嶋田　　貴支,B1,14,24.0,16,児島,20260616
40,4437,中田　　元泰,A1,40,24.0,16,児島,20260616
40,5448,福田　　柊人,B2,46,24.0,16,児島,20260616
43,3722,西村　　秀樹,B1,70,23.8,16,児島,20260616
44,4440,萩原　　知哉,B1,47,22.9,16,児島,20260616
45,3909,佐々木　康幸,A1,32,22.1,16,児島,20260616
46,5266,石田　　勇斗,B1,51,22.0,16,児島,20260616
1,3459,中野　　和裕,B1,38,50.0,17,宮島,20260617
2,3797,岩井　　　繁,B1,72,49.6,17,宮島,20260617
3,3990,芹澤　　克彦,B1,37,45.3,17,宮島,20260617
4,3381,滝沢　　芳行,B1,58,44.8,17,宮島,20260617
5,3473,石川　　真二,A1,17,44.0,17,宮島,20260617
6,3647,伊藤　　雄二,B1,21,43.2,17,宮島,20260617
7,3740,大澤　　普司,A1,32,42.6,17,宮島,20260617
8,3982,福田　　　理,B1,55,42.5,17,宮島,20260617
9,2878,富山　　弘幸,B1,66,42.4,17,宮島,20260617
10,3353,前田　　光昭,B2,57,42.1,17,宮島,20260617
11,3568,木村　　光宏,B1,65,41.9,17,宮島,20260617
12,3516,吉原　　聖人,B1,30,41.1,17,宮島,20260617
13,3458,東　　　健介,B1,61,39.2,17,宮島,20260617
14,3544,豊田　　訓靖,B2,25,38.8,17,宮島,20260617
15,3664,鈴木　　賢一,B1,51,38.1,17,宮島,20260617
16,3744,徳増　　秀樹,A1,11,37.3,17,宮島,20260617
17,3978,齊藤　　　仁,A1,60,36.5,17,宮島,20260617
18,3654,武田　　光史,A1,16,36.3,17,宮島,20260617
19,3931,黒崎　　竜也,B1,79,35.7,17,宮島,20260617
20,3796,長野　　道臣,B1,67,35.6,17,宮島,20260617
21,3911,鈴木　　　猛,A2,56,35.5,17,宮島,20260617
22,3663,木山　　和幸,A2,18,35.4,17,宮島,20260617
23,3918,深井　　利寿,A2,70,35.1,17,宮島,20260617
24,3637,齋藤　　和政,B1,33,34.9,17,宮島,20260617
25,3714,梶原　　　正,B1,15,34.8,17,宮島,20260617
25,3825,宮嵜　隆太郎,B1,54,34.8,17,宮島,20260617
27,4156,浜野　　孝志,A2,34,34.5,17,宮島,20260617
28,3898,平田　　忠則,A1,39,33.7,17,宮島,20260617
29,4027,松江　　秀徳,B1,23,33.1,17,宮島,20260617
30,3434,松尾　　宣邦,B1,82,32.7,17,宮島,20260617
31,3482,金子　　猛志,A2,62,32.2,17,宮島,20260617
31,3912,川原　　正明,A2,36,32.2,17,宮島,20260617
33,4072,森永　　　淳,A1,52,32.0,17,宮島,20260617
34,3621,天野　　晶夫,B1,81,31.8,17,宮島,20260617
35,3563,堤　　　　昇,B1,27,31.5,17,宮島,20260617
35,4069,山本　　修一,A1,20,31.5,17,宮島,20260617
37,4035,杉江　　浩明,B1,63,31.1,17,宮島,20260617
38,4137,君島　　秀三,A1,19,30.9,17,宮島,20260617
39,3988,古川　　誠之,A2,59,30.6,17,宮島,20260617
40,3562,山下　　和彦,A2,24,30.0,17,宮島,20260617
40,3630,黒田　　誠司,B2,53,30.0,17,宮島,20260617
42,3430,角浜　　　修,B1,78,29.7,17,宮島,20260617
43,3442,宮武　　英司,B1,31,29.4,17,宮島,20260617
44,3257,田頭　　　実,A2,71,29.0,17,宮島,20260617
45,3775,泉　　　啓文,B1,77,28.9,17,宮島,20260617
46,3915,繁野谷　圭介,A2,29,28.3,17,宮島,20260617
1,4006,小野　　勇作,B1,59,50.0,18,徳山,20260617
2,3761,山本　　光雄,B1,64,47.2,18,徳山,20260617
3,4703,森永　　　隆,A2,33,46.6,18,徳山,20260617
4,4076,杉田　　篤光,A2,56,44.1,18,徳山,20260617
5,3627,井上　　恵一,A2,44,42.5,18,徳山,20260617
5,4594,谷川　　祐一,A2,53,42.5,18,徳山,20260617
7,4575,戸塚　　邦好,A1,46,41.3,18,徳山,20260617
8,4442,松竹　　大輔,B1,47,39.5,18,徳山,20260617
9,4451,松崎　祐太郎,A1,36,38.3,18,徳山,20260617
10,4375,照屋　　厚仁,A2,35,37.2,18,徳山,20260617
11,5026,安河内　　健,A1,48,36.9,18,徳山,20260617
12,5039,倉田　　茂将,A2,39,36.5,18,徳山,20260617
13,4489,岩川　　仁士,B1,41,36.1,18,徳山,20260617
13,4786,佐藤　　博亮,A1,27,36.1,18,徳山,20260617
13,5132,中野　　希一,A1,22,36.1,18,徳山,20260617
16,4529,嶋　　　義信,B1,23,35.7,18,徳山,20260617
16,4895,門間　　雄大,B1,38,35.7,18,徳山,20260617
18,4906,鈴木　　雅希,B1,55,35.5,18,徳山,20260617
19,5238,笹木　　香吾,A2,58,34.2,18,徳山,20260617
20,4131,原　　　豊土,A2,30,34.0,18,徳山,20260617
21,4428,有賀　　達也,A1,66,33.3,18,徳山,20260617
22,5032,谷口　　知優,B1,60,32.4,18,徳山,20260617
23,4085,荻野　　裕介,B1,29,31.8,18,徳山,20260617
24,3853,岩崎　　正哉,B1,31,31.5,18,徳山,20260617
25,4064,原田　　篤志,A1,50,30.9,18,徳山,20260617
26,4422,永井　　亮次,B1,42,30.4,18,徳山,20260617
27,4269,杉山　　裕也,A1,26,30.0,18,徳山,20260617
28,4574,東　　　潤樹,B1,40,29.2,18,徳山,20260617
28,5217,藤原　　碧生,A1,24,29.2,18,徳山,20260617
30,5005,石田　　貴洋,B1,25,28.5,18,徳山,20260617
31,3687,花田　　和明,B1,54,27.9,18,徳山,20260617
31,4676,後藤　　隼之,B1,51,27.9,18,徳山,20260617
33,4821,妻鳥　　晋也,B1,49,25.6,18,徳山,20260617
34,4535,北山　　康介,A1,52,25.0,18,徳山,20260617
35,4015,前野　　竜一,A2,63,24.3,18,徳山,20260617
36,3930,岸本　　　隆,B1,28,23.8,18,徳山,20260617
37,5071,野見山　拓己,B1,57,23.5,18,徳山,20260617
38,4398,船岡　洋一郎,A1,34,21.7,18,徳山,20260617
39,5096,上原　　　崚,A2,32,21.4,18,徳山,20260617
40,4638,小林　　遼太,B1,37,18.9,18,徳山,20260617
41,4880,澤崎　　雄哉,B1,62,15.6,18,徳山,20260617
41,4982,中村　　将隆,B1,45,15.6,18,徳山,20260617
43,3703,鳥飼　　　眞,A2,43,12.2,18,徳山,20260617
44,4121,富永　　修一,A1,65,11.1,18,徳山,20260617
45,4725,佐竹　　太一,B1,61,7.6,18,徳山,20260617
1,4161,黒柳　　浩孝,A2,18,68.7,19,下関,20260617
2,3743,林　　　美憲,A1,11,66.6,19,下関,20260617
3,5302,秋末　　秦悟,B1,40,64.7,19,下関,20260617
4,5210,藤井　　公人,B2,52,62.5,19,下関,20260617
5,3514,山一　　鉄也,A2,27,56.2,19,下関,20260617
5,4150,山田　　雄太,B1,71,56.2,19,下関,20260617
7,3769,佐竹　　恒彦,B1,67,55.5,19,下関,20260617
8,3964,宮地　　博士,B1,63,54.5,19,下関,20260617
9,4475,末永　　祐輝,A2,55,50.0,19,下関,20260617
10,4146,柳橋　　宏紀,B1,31,48.0,19,下関,20260617
11,3904,森　　　貴洋,B2,24,46.4,19,下関,20260617
12,4164,岩永　　節也,B1,56,44.0,19,下関,20260617
13,4318,桑原　　将光,B1,61,41.6,19,下関,20260617
14,3641,一瀬　　　明,A2,47,41.1,19,下関,20260617
15,3710,吉永　　泰弘,B1,50,40.0,19,下関,20260617
16,4557,松尾　　光広,B1,19,37.5,19,下関,20260617
17,3716,石渡　　鉄兵,A1,62,37.0,19,下関,20260617
18,4325,新出　　浩司,B1,22,36.8,19,下関,20260617
19,4273,佐藤　　　旭,B1,25,32.1,19,下関,20260617
20,3989,熊本　　英一,B1,48,32.0,19,下関,20260617
21,4364,池永　　　太,A1,51,30.7,19,下関,20260617
21,4397,西村　　拓也,A1,29,30.7,19,下関,20260617
23,3975,小野寺　智洋,B1,58,30.0,19,下関,20260617
24,4179,広次　　　修,B1,21,29.4,19,下関,20260617
25,4158,木場　雄二郎,B1,37,28.0,19,下関,20260617
25,4410,井上　　大輔,B1,70,28.0,19,下関,20260617
25,5400,高村　　　諒,B2,68,28.0,19,下関,20260617
28,3517,高橋　　　勲,A2,34,27.5,19,下関,20260617
29,3532,柴田　　　光,A1,33,25.9,19,下関,20260617
30,4196,田中　太一郎,B1,65,24.0,19,下関,20260617
30,4467,渡邉　　俊介,A2,46,24.0,19,下関,20260617
30,4551,三川　　昂暁,A2,20,24.0,19,下関,20260617
30,4679,植田　　太一,A1,59,24.0,19,下関,20260617
30,5160,藤森　　陸斗,A2,53,24.0,19,下関,20260617
35,3888,山本　　英志,A2,49,22.2,19,下関,20260617
36,3997,北村　　征嗣,A1,26,20.0,19,下関,20260617
36,4052,興津　　　藍,A2,38,20.0,19,下関,20260617
38,3692,竹腰　　正樹,A2,45,19.2,19,下関,20260617
39,5407,中岡　　　駿,B2,15,16.6,19,下関,20260617
40,4218,吉川　　喜継,A1,32,15.3,19,下関,20260617
41,4100,松田　　隆司,B1,44,12.0,19,下関,20260617
41,4543,重木　　輝彦,A1,16,12.0,19,下関,20260617
43,3635,石田　　政吾,B1,23,11.5,19,下関,20260617
44,5161,登玉　　隼百,A2,66,8.7,19,下関,20260617
45,3619,長谷川　　充,B1,72,4.1,19,下関,20260617
1,4603,谷川　　将太,B1,49,50.8,20,若松,20260618
2,3773,津留　浩一郎,B1,51,50.0,20,若松,20260618
3,4965,福岡　　泉水,B1,5,45.9,20,若松,20260618
4,3804,中渡　　修作,B1,20,41.7,20,若松,20260618
5,4572,渡部　　　悟,A2,42,41.5,20,若松,20260618
6,4365,盛本　　真輔,B1,25,41.3,20,若松,20260618
7,5078,山川　　波乙,B1,40,40.4,20,若松,20260618
8,4177,萬　　　正嗣,B1,15,38.8,20,若松,20260618
9,3454,井川　　大作,B1,21,37.2,20,若松,20260618
10,4251,川崎　　誠志,B1,46,36.2,20,若松,20260618
11,3892,草場　　康幸,B1,3,36.0,20,若松,20260618
11,4784,向井田　真紀,B1,45,36.0,20,若松,20260618
13,4562,阪本　　勇介,B1,13,35.5,20,若松,20260618
14,5188,武井　莉里佳,A2,43,35.4,20,若松,20260618
15,4074,柳沢　　　一,A1,9,35.2,20,若松,20260618
16,4143,浦田　　晃嗣,B1,2,34.9,20,若松,20260618
17,4472,尾嶋　　一広,A1,32,34.6,20,若松,20260618
18,5227,川原　　愛未,B2,44,34.4,20,若松,20260618
19,3922,菅沼　　佳昭,B1,50,34.2,20,若松,20260618
20,4110,小澤　　和也,B1,57,33.0,20,若松,20260618
20,4302,西野　　翔太,A2,18,33.0,20,若松,20260618
22,5167,小川　竜太朗,B1,36,32.0,20,若松,20260618
23,3974,深山　　祐二,B1,59,31.9,20,若松,20260618
23,4632,長尾　京志郎,B1,6,31.9,20,若松,20260618
25,5112,砂長　　知輝,A1,41,31.7,20,若松,20260618
26,4288,永田　　啓二,A1,61,31.3,20,若松,20260618
26,4990,田中　　博子,B2,22,31.3,20,若松,20260618
28,4434,田中　　辰彦,A1,12,31.0,20,若松,20260618
29,5130,上野　　拓馬,B1,28,30.7,20,若松,20260618
30,4228,吉田　慎二郎,A2,33,30.4,20,若松,20260618
30,5192,中尾　　優香,A2,27,30.4,20,若松,20260618
32,4436,渋谷　　明憲,A2,54,30.3,20,若松,20260618
33,4274,長畑　　友輔,B1,29,29.5,20,若松,20260618
34,3953,志道　　吉和,B1,26,29.3,20,若松,20260618
35,5200,筒井　　美琴,B2,17,28.8,20,若松,20260618
36,3717,立間　　充宏,B1,38,28.4,20,若松,20260618
37,4007,榮田　　将彦,B1,60,27.6,20,若松,20260618
38,5054,佐々木　大河,A2,1,26.8,20,若松,20260618
39,5219,森口　　和紀,B2,62,26.3,20,若松,20260618
40,4134,杉山　　貴博,A2,30,26.2,20,若松,20260618
41,4567,上村　慎太郎,B1,11,26.0,20,若松,20260618
42,4824,松井　　洪弥,A1,53,25.8,20,若松,20260618
43,4122,安東　　幸治,A2,10,24.1,20,若松,20260618
43,4460,後藤　　翔之,A2,56,24.1,20,若松,20260618
1,4905,土井　　祥伍,B1,43,61.1,21,芦屋,20260617
2,5111,三村　　岳人,B2,51,51.3,21,芦屋,20260617
3,4063,市橋　　卓士,A1,39,47.2,21,芦屋,20260617
3,4351,里岡　　右貴,A1,8,47.2,21,芦屋,20260617
5,5063,大塚　　雅治,B1,22,42.8,21,芦屋,20260617
6,4822,百武　　　翔,A2,55,42.4,21,芦屋,20260617
7,5358,増本　　杏珠,B1,30,41.8,21,芦屋,20260617
8,4374,永田　　義紘,B1,29,41.4,21,芦屋,20260617
9,5129,山口　真喜子,A2,21,41.0,21,芦屋,20260617
10,3070,山室　　展弘,B1,5,40.0,21,芦屋,20260617
10,4816,村松　　修二,A2,48,40.0,21,芦屋,20260617
12,4009,小林　　一樹,A2,56,39.3,21,芦屋,20260617
13,4266,長田　　頼宗,A1,54,38.8,21,芦屋,20260617
14,5015,高橋　　竜矢,A1,60,38.7,21,芦屋,20260617
15,3951,石川　　吉鎬,A2,37,37.7,21,芦屋,20260617
16,5195,北村　　寧々,B1,33,36.3,21,芦屋,20260617
17,3527,中嶋　誠一郎,B1,2,36.1,21,芦屋,20260617
18,3614,谷　　　勝幸,B1,52,35.2,21,芦屋,20260617
19,4108,吉村　　正明,B1,50,35.1,21,芦屋,20260617
20,3574,大神　　康司,A2,15,34.0,21,芦屋,20260617
20,3998,冨成　　謙児,B1,45,34.0,21,芦屋,20260617
20,4276,鈴木　　勝博,A2,31,34.0,21,芦屋,20260617
23,4785,木幡　　純也,B1,23,32.2,21,芦屋,20260617
24,3957,大谷　　直弘,B1,9,31.8,21,芦屋,20260617
25,5326,三嶌　さらら,B1,58,31.4,21,芦屋,20260617
26,5438,星田　　夢結,B2,44,30.2,21,芦屋,20260617
27,3866,木山　　誠一,B1,59,29.4,21,芦屋,20260617
28,3566,川添　　英正,B1,57,27.2,21,芦屋,20260617
29,4883,岡部　　大輝,B1,18,26.6,21,芦屋,20260617
30,4861,田中　　宏樹,B1,24,25.5,21,芦屋,20260617
31,4899,占部　　一真,B1,14,23.6,21,芦屋,20260617
32,5285,若林　　　麗,B1,36,23.5,21,芦屋,20260617
33,4388,是澤　　孝宏,A2,38,23.2,21,芦屋,20260617
34,4949,横田　　貴満,A1,53,22.2,21,芦屋,20260617
35,5281,井上　　遥妃,A1,28,20.9,21,芦屋,20260617
36,3885,久田　　　武,B1,17,20.0,21,芦屋,20260617
37,3361,岡部　　　浩,B1,46,18.6,21,芦屋,20260617
38,3874,山本　　寛久,A1,20,17.5,21,芦屋,20260617
39,3784,中島　　友和,B1,42,16.2,21,芦屋,20260617
39,5180,藤本　紗弥香,B2,26,16.2,21,芦屋,20260617
41,5245,倉富　　大誠,B1,40,14.2,21,芦屋,20260617
42,5172,田村　　　慶,B1,16,13.9,21,芦屋,20260617
43,4705,吉川　　勇作,B1,49,12.1,21,芦屋,20260617
44,4014,片岡　　恵里,A2,25,10.3,21,芦屋,20260617
1,4464,山下　　友貴,B1,16,57.8,22,福岡,20260617
2,4190,長嶋　　万記,A1,43,56.9,22,福岡,20260617
3,4011,堀之内紀代子,A1,39,51.0,22,福岡,20260617
4,4373,若狭　奈美子,A1,56,50.8,22,福岡,20260617
5,4349,犬童　　千秋,B1,71,50.0,22,福岡,20260617
6,3470,新田　　芳美,B1,28,46.5,22,福岡,20260617
7,3618,海野　ゆかり,A1,30,44.6,22,福岡,20260617
8,4556,竹井　　奈美,A1,62,43.5,22,福岡,20260617
9,4065,金田　　幸子,B1,13,41.7,22,福岡,20260617
9,5442,池田　　美優,B2,59,41.7,22,福岡,20260617
11,4909,薮内　　瑞希,B1,74,41.3,22,福岡,20260617
12,5203,神里　　琴音,B1,22,41.2,22,福岡,20260617
13,4536,喜井　つかさ,A2,11,41.1,22,福岡,20260617
14,4773,中川　　りな,A2,33,40.7,22,福岡,20260617
15,4286,平田　さやか,A2,65,40.6,22,福岡,20260617
16,4071,古賀　　千晶,B1,23,40.3,22,福岡,20260617
16,4525,真子　奈津実,B1,27,40.3,22,福岡,20260617
16,5088,高憧　　四季,A1,15,40.3,22,福岡,20260617
19,4473,藤堂　　里香,A2,14,40.0,22,福岡,20260617
20,4510,坂本　　奈央,B2,25,39.0,22,福岡,20260617
21,4720,西澤　日花里,B1,12,38.1,22,福岡,20260617
22,4408,仁科　さやか,B1,58,37.5,22,福岡,20260617
22,5250,嶋田　　有里,B1,52,37.5,22,福岡,20260617
24,3999,大瀧　明日香,A1,68,36.5,22,福岡,20260617
25,4347,魚谷　　香織,A2,72,36.3,22,福岡,20260617
26,4589,塩崎　　桐加,A2,54,35.9,22,福岡,20260617
27,4433,川野　　芽唯,A1,67,35.5,22,福岡,20260617
27,4569,中澤　　宏奈,B2,34,35.5,22,福岡,20260617
29,4530,小野　　生奈,A1,75,35.3,22,福岡,20260617
30,3994,小野　　　桜,B1,19,34.6,22,福岡,20260617
31,4499,滝川　真由子,B1,57,34.0,22,福岡,20260617
32,4123,細川　　裕子,A1,37,33.3,22,福岡,20260617
33,4936,戸敷　　晃美,A2,49,32.8,22,福岡,20260617
34,4611,今井　　美亜,A2,44,31.4,22,福岡,20260617
35,4224,大橋　栄里佳,A2,31,31.3,22,福岡,20260617
36,4246,喜多　那由夏,B1,26,29.2,22,福岡,20260617
37,4240,今井　　裕梨,A2,73,28.3,22,福岡,20260617
38,3801,五反田　　忍,B2,38,27.7,22,福岡,20260617
39,3704,本部　めぐみ,B1,41,27.2,22,福岡,20260617
40,5334,樫葉　　新心,B1,61,26.9,22,福岡,20260617
41,4940,白石　　有美,B1,47,25.7,22,福岡,20260617
42,5251,沼田　　七華,B2,70,25.4,22,福岡,20260617
43,3357,福島　　陽子,B1,40,24.5,22,福岡,20260617
44,5314,中曽　　瑠華,B2,53,21.5,22,福岡,20260617
45,4289,落合　　直子,A2,51,13.2,22,福岡,20260617
1,3620,信濃　　由行,B1,16,51.9,23,唐津,20260614
2,5382,山下　　心一,B1,32,48.5,23,唐津,20260614
3,4228,吉田　慎二郎,A2,40,46.4,23,唐津,20260614
4,4191,赤羽　　克也,A2,4,43.5,23,唐津,20260614
5,3548,室田　　泰史,A2,7,41.8,23,唐津,20260614
6,4272,大場　　広孝,B1,28,41.4,23,唐津,20260614
7,4948,木場　　悠介,B1,35,40.2,23,唐津,20260614
8,5468,山口　　隼人,B2,49,39.6,23,唐津,20260614
9,4252,松下　　哲也,B1,22,38.5,23,唐津,20260614
10,3412,鈴木　　　博,A2,42,38.0,23,唐津,20260614
11,4016,西川　新太郎,B1,15,37.9,23,唐津,20260614
12,5457,山田　　陽翔,B2,25,37.2,23,唐津,20260614
13,3584,佐々木　英樹,B1,21,36.5,23,唐津,20260614
14,3508,久富　　政弘,B1,27,36.1,23,唐津,20260614
15,3843,上之　　晃弘,B1,29,36.0,23,唐津,20260614
16,4207,松下　　一也,A2,5,35.8,23,唐津,20260614
17,4350,篠崎　　元志,A1,12,35.2,23,唐津,20260614
17,4516,野口　　勝弘,A2,31,35.2,23,唐津,20260614
19,4512,高野　　哲史,A1,2,34.9,23,唐津,20260614
20,3352,小川　　晃司,B1,52,34.8,23,唐津,20260614
21,3713,伊藤　　誠二,A2,54,34.7,23,唐津,20260614
22,3872,岡田　　憲行,B1,37,34.5,23,唐津,20260614
23,4219,本岡　　勝利,B1,20,34.4,23,唐津,20260614
24,4470,平田　健之佑,A1,18,34.3,23,唐津,20260614
24,4624,高田　　　明,A1,47,34.3,23,唐津,20260614
26,5269,山口　　晃朋,B1,46,33.9,23,唐津,20260614
27,4581,吉村　　　誠,A1,44,32.9,23,唐津,20260614
28,4761,山田　　晃大,A2,9,32.6,23,唐津,20260614
29,3422,服部　　幸男,A1,34,32.5,23,唐津,20260614
29,3792,田中　　　豪,A2,26,32.5,23,唐津,20260614
29,4181,花本　　夏樹,B1,60,32.5,23,唐津,20260614
32,4090,中村　　　尊,A1,14,31.7,23,唐津,20260614
33,5247,大森　　　翼,B1,36,31.4,23,唐津,20260614
34,4782,浜崎　　準也,B1,11,30.6,23,唐津,20260614
35,4572,渡部　　　悟,A2,59,30.4,23,唐津,20260614
36,4089,妹尾　　忠幸,A2,24,30.3,23,唐津,20260614
37,4155,長野　壮志郎,A1,1,29.8,23,唐津,20260614
38,4740,齋藤　　達希,B1,41,29.6,23,唐津,20260614
39,4631,新井　　英孝,B1,13,28.7,23,唐津,20260614
40,3623,深川　　真二,A1,38,28.1,23,唐津,20260614
41,4311,岡村　　　仁,A1,17,27.8,23,唐津,20260614
42,4308,河村　　　了,A1,55,27.6,23,唐津,20260614
43,4114,深澤　　達徳,B1,23,24.0,23,唐津,20260614
44,5443,西村　　仁吾,B2,45,23.5,23,唐津,20260614
45,5420,吉原　　快誓,B2,53,22.2,23,唐津,20260614
46,4743,木村　　仁紀,A1,33,20.9,23,唐津,20260614
1,4961,西橋　　奈未,A1,31,73.3,24,大村,20260617
2,3961,谷村　　一哉,A2,59,69.2,24,大村,20260617
3,4352,下條　雄太郎,A1,17,68.7,24,大村,20260617
4,3942,寺田　　　祥,A1,20,66.6,24,大村,20260617
5,5029,中　　　亮太,A2,13,60.0,24,大村,20260617
6,3944,山口　　裕二,A2,53,58.8,24,大村,20260617
6,4590,渡邉　　優美,A1,34,58.8,24,大村,20260617
8,4804,高田　ひかる,A1,62,53.8,24,大村,20260617
9,3854,吉川　　元浩,A1,47,52.9,24,大村,20260617
10,4042,丸岡　　正典,A2,44,50.0,24,大村,20260617
10,4704,河野　　　大,A2,57,50.0,24,大村,20260617
12,5142,常住　　　蓮,A1,56,47.3,24,大村,20260617
12,5256,中山　　翔太,A1,39,47.3,24,大村,20260617
14,3590,濱野谷　憲吾,A1,24,46.6,24,大村,20260617
15,4028,田村　　隆信,A1,33,44.4,24,大村,20260617
16,4290,稲田　　浩二,A1,41,43.7,24,大村,20260617
17,4409,坂元　　浩仁,A2,61,42.8,24,大村,20260617
17,5002,上田　　健太,A2,30,42.8,24,大村,20260617
19,4645,上村　　純一,A1,78,41.6,24,大村,20260617
19,4991,宗行　　治哉,A2,63,41.6,24,大村,20260617
21,4989,石原　　　翼,A2,37,41.1,24,大村,20260617
21,5075,中島　　秀治,A2,52,41.1,24,大村,20260617
23,4734,安河内　　将,A1,28,40.0,24,大村,20260617
23,4828,松山　　将吾,A1,23,40.0,24,大村,20260617
23,4939,宮之原　輝紀,A1,81,40.0,24,大村,20260617
23,4966,田川　　大貴,A2,80,40.0,24,大村,20260617
27,4241,大串　　重幸,A2,54,38.8,24,大村,20260617
27,5042,畑田　　汰一,A1,49,38.8,24,大村,20260617
29,3777,樋口　　　亮,A2,66,38.4,24,大村,20260617
30,4415,下出　　卓矢,A2,58,36.8,24,大村,20260617
31,4171,榎　　　幸司,A2,74,35.7,24,大村,20260617
31,4685,島村　　隆幸,A1,67,35.7,24,大村,20260617
31,5087,佐藤　　　航,A2,25,35.7,24,大村,20260617
34,4095,福来　　　剛,A1,38,35.2,24,大村,20260617
34,4227,安達　　裕樹,A2,43,35.2,24,大村,20260617
36,4477,篠崎　　仁志,A1,35,33.3,24,大村,20260617
36,4531,武富　　智亮,A2,40,33.3,24,大村,20260617
38,4370,山口　　達也,A1,77,30.7,24,大村,20260617
38,4600,井内　将太郎,A2,65,30.7,24,大村,20260617
40,4420,津久井　拓也,A2,46,29.4,24,大村,20260617
40,5104,山田　　　丈,A2,36,29.4,24,大村,20260617
42,3388,今垣　光太郎,A1,32,28.5,24,大村,20260617
42,3959,坪井　　康晴,A1,70,28.5,24,大村,20260617
42,5055,眞鳥　　章太,A2,69,28.5,24,大村,20260617
45,3984,坂口　　　周,A2,79,25.0,24,大村,20260617
45,4441,末永　　由楽,A2,71,25.0,24,大村,20260617
45,4553,坪口　　竜也,A2,15,25.0,24,大村,20260617
45,4659,木下　　翔太,A1,45,25.0,24,大村,20260617
49,3837,秋山　　広一,A2,29,23.0,24,大村,20260617
49,3908,重成　　一人,A1,22,23.0,24,大村,20260617
49,5043,中村　　日向,A1,76,23.0,24,大村,20260617
52,4908,上田　　龍星,A1,64,22.2,24,大村,20260617
